,ds,y
0,2014-01-02,107.94
1,2014-01-03,110.47
2,2014-01-06,107.94
3,2014-01-07,106.57
4,2014-01-08,107.42
5,2014-01-09,107.49
6,2014-01-10,106.71
7,2014-01-13,107.49
8,2014-01-14,106.44
9,2014-01-15,108.09
10,2014-01-16,107.46
11,2014-01-17,108.02
12,2014-01-22,109.69
13,2014-01-23,109.69
14,2014-01-24,108.01
15,2014-01-27,109.69
16,2014-01-28,109.14
17,2014-01-29,108.83
18,2014-01-30,109.36
19,2014-01-31,108.72
20,2014-02-03,109.36
21,2014-02-04,108.16
22,2014-02-05,106.81
23,2014-02-06,108.15
24,2014-02-07,106.55
25,2014-02-10,108.15
26,2014-02-11,110.12
27,2014-02-12,108.62
28,2014-02-13,108.98
29,2014-02-14,110.18
30,2014-02-19,110.37
31,2014-02-20,109.42
32,2014-02-21,109.03
33,2014-02-24,109.42
34,2014-02-25,109.03
35,2014-02-26,109.39
36,2014-02-27,108.54
37,2014-02-28,109.76
38,2014-03-03,108.54
39,2014-03-04,108.98
40,2014-03-05,108.15
41,2014-03-06,107.99
42,2014-03-07,111.26
43,2014-03-10,107.99
44,2014-03-11,109.14
45,2014-03-12,107.88
46,2014-03-13,107.48
47,2014-03-14,108.27
48,2014-03-17,107.48
49,2014-03-18,108.08
50,2014-03-19,105.95
51,2014-03-20,105.73
52,2014-03-21,106.99
53,2014-03-24,105.73
54,2014-03-25,107.2
55,2014-03-26,105.9
56,2014-03-27,106.58
57,2014-03-28,106.59
58,2014-03-31,106.58
59,2014-04-01,106.64
60,2014-04-02,103.37
61,2014-04-03,104.88
62,2014-04-04,105.95
63,2014-04-07,104.88
64,2014-04-08,106.41
65,2014-04-09,107.39
66,2014-04-10,107.1
67,2014-04-11,104.89
68,2014-04-14,107.1
69,2014-04-15,107.34
70,2014-04-16,109.71
71,2014-04-17,109.79
72,2014-04-21,109.79
73,2014-04-22,108.54
74,2014-04-23,108.48
75,2014-04-24,109.79
76,2014-04-25,109.69
77,2014-04-28,109.79
78,2014-04-29,109.53
79,2014-04-30,108.63
80,2014-05-01,108.63
81,2014-05-02,109.12
82,2014-05-05,108.63
83,2014-05-06,109.48
84,2014-05-07,108.17
85,2014-05-08,108.19
86,2014-05-09,109.48
87,2014-05-12,108.19
88,2014-05-13,108.26
89,2014-05-14,109.87
90,2014-05-15,109.74
91,2014-05-16,108.37
92,2014-05-19,109.74
93,2014-05-20,110.9
94,2014-05-21,111.32
95,2014-05-22,110.89
96,2014-05-23,110.84
97,2014-05-27,110.19
98,2014-05-28,109.09
99,2014-05-29,109.98
100,2014-05-30,110.01
101,2014-06-02,109.98
102,2014-06-03,109.21
103,2014-06-04,109.07
104,2014-06-05,108.43
105,2014-06-06,109.34
106,2014-06-09,108.43
107,2014-06-10,109.21
108,2014-06-11,109.83
109,2014-06-12,112.18
110,2014-06-13,110.55
111,2014-06-16,112.18
112,2014-06-17,113.15
113,2014-06-18,114.25
114,2014-06-19,115.19
115,2014-06-20,113.42
116,2014-06-23,115.19
117,2014-06-24,114.55
118,2014-06-25,112.84
119,2014-06-26,112.61
120,2014-06-27,113.62
121,2014-06-30,112.61
122,2014-07-01,112.62
123,2014-07-02,110.18
124,2014-07-03,108.98
125,2014-07-07,108.98
126,2014-07-08,107.65
127,2014-07-09,106.84
128,2014-07-10,106.2
129,2014-07-11,108.7
130,2014-07-14,106.2
131,2014-07-15,105.77
132,2014-07-16,105.41
133,2014-07-17,106.04
134,2014-07-18,104.73
135,2014-07-21,106.04
136,2014-07-22,106.03
137,2014-07-23,106.85
138,2014-07-24,105.78
139,2014-07-25,105.71
140,2014-07-28,105.78
141,2014-07-29,106.89
142,2014-07-30,106.47
143,2014-07-31,104.94
144,2014-08-01,106.7
145,2014-08-04,104.94
146,2014-08-05,103.45
147,2014-08-06,104.17
148,2014-08-07,104.02
149,2014-08-08,103.63
150,2014-08-11,104.02
151,2014-08-12,103.36
152,2014-08-13,102.27
153,2014-08-14,101.15
154,2014-08-15,103.47
155,2014-08-18,101.15
156,2014-08-19,101.13
157,2014-08-20,99.92
158,2014-08-21,100.28
159,2014-08-22,99.37
160,2014-08-25,100.28
161,2014-08-26,100.09
162,2014-08-27,100.4
163,2014-08-28,100.71
164,2014-08-29,100.49
165,2014-09-02,101.12
166,2014-09-03,100.88
167,2014-09-04,101.21
168,2014-09-05,99.51
169,2014-09-08,101.21
170,2014-09-09,99.51
171,2014-09-10,96.26
172,2014-09-11,96.42
173,2014-09-12,99.53
174,2014-09-15,96.42
175,2014-09-16,96.31
176,2014-09-17,97.7
177,2014-09-18,96.82
178,2014-09-19,96.43
179,2014-09-22,96.82
180,2014-09-23,96.75
181,2014-09-24,94.53
182,2014-09-25,95.2
183,2014-09-26,95.37
184,2014-09-29,95.2
185,2014-09-30,95.08
186,2014-10-01,94.57
187,2014-10-02,91.29
188,2014-10-03,95.7
189,2014-10-06,91.29
190,2014-10-07,90.8
191,2014-10-08,90.25
192,2014-10-09,90.47
193,2014-10-10,90.65
194,2014-10-13,90.47
195,2014-10-14,88.66
196,2014-10-15,84.02
197,2014-10-16,84.02
198,2014-10-17,87.82
199,2014-10-20,84.02
200,2014-10-21,85.27
201,2014-10-22,86.38
202,2014-10-23,85.94
203,2014-10-24,84.42
204,2014-10-27,85.94
205,2014-10-28,86.0
206,2014-10-29,86.91
207,2014-10-30,85.5
208,2014-10-31,85.64
209,2014-11-03,85.5
210,2014-11-04,84.17
211,2014-11-05,82.88
212,2014-11-06,82.08
213,2014-11-07,84.9
214,2014-11-10,82.08
215,2014-11-11,83.2
216,2014-11-12,80.42
217,2014-11-13,77.74
218,2014-11-14,82.9
219,2014-11-17,77.74
220,2014-11-18,77.51
221,2014-11-19,77.21
222,2014-11-20,77.61
223,2014-11-21,76.86
224,2014-11-24,77.61
225,2014-11-25,79.2
226,2014-11-26,77.39
227,2014-11-28,79.62
228,2014-12-01,70.87
229,2014-12-02,71.89
230,2014-12-03,70.13
231,2014-12-04,68.48
232,2014-12-05,70.87
233,2014-12-08,68.48
234,2014-12-09,68.0
235,2014-12-10,63.32
236,2014-12-11,63.65
237,2014-12-12,65.64
238,2014-12-15,63.65
239,2014-12-16,61.67
240,2014-12-17,59.84
241,2014-12-18,58.81
242,2014-12-19,61.09
243,2014-12-22,58.81
244,2014-12-23,58.87
245,2014-12-24,58.67
246,2014-12-26,58.31
247,2014-12-29,57.86
248,2014-12-30,58.72
249,2014-12-31,55.27
250,2015-01-02,57.86
251,2015-01-05,55.27
252,2015-01-06,55.38
253,2015-01-07,49.06
254,2015-01-08,49.43
255,2015-01-09,51.08
256,2015-01-12,49.43
257,2015-01-13,47.64
258,2015-01-14,45.82
259,2015-01-15,47.66
260,2015-01-16,46.9
261,2015-01-20,47.38
262,2015-01-21,46.5
263,2015-01-22,46.09
264,2015-01-23,46.69
265,2015-01-26,46.09
266,2015-01-27,46.69
267,2015-01-28,47.07
268,2015-01-29,46.61
269,2015-01-30,46.07
270,2015-02-02,46.61
271,2015-02-03,47.52
272,2015-02-04,55.07
273,2015-02-05,55.98
274,2015-02-06,51.74
275,2015-02-09,55.98
276,2015-02-10,55.88
277,2015-02-11,53.48
278,2015-02-12,56.23
279,2015-02-13,57.0
280,2015-02-17,60.33
281,2015-02-18,60.72
282,2015-02-19,58.78
283,2015-02-20,61.57
284,2015-02-23,58.78
285,2015-02-24,60.99
286,2015-02-25,59.77
287,2015-02-26,61.39
288,2015-02-27,59.78
289,2015-03-02,61.39
290,2015-03-03,61.89
291,2015-03-04,59.18
292,2015-03-05,60.33
293,2015-03-06,60.75
294,2015-03-09,60.33
295,2015-03-10,59.15
296,2015-03-11,56.46
297,2015-03-12,56.66
298,2015-03-13,58.67
299,2015-03-16,56.66
300,2015-03-17,54.8
301,2015-03-18,52.59
302,2015-03-19,52.96
303,2015-03-20,52.0
304,2015-03-23,52.96
305,2015-03-24,53.88
306,2015-03-25,54.18
307,2015-03-26,57.02
308,2015-03-27,53.82
309,2015-03-30,57.02
310,2015-03-31,56.44
311,2015-04-01,55.73
312,2015-04-02,55.73
313,2015-04-06,55.73
314,2015-04-07,55.73
315,2015-04-08,56.42
316,2015-04-09,56.04
317,2015-04-10,55.73
318,2015-04-13,56.04
319,2015-04-14,56.82
320,2015-04-15,59.32
321,2015-04-16,60.13
322,2015-04-17,57.14
323,2015-04-20,60.13
324,2015-04-21,61.31
325,2015-04-22,60.12
326,2015-04-23,62.66
327,2015-04-24,61.2
328,2015-04-27,62.66
329,2015-04-28,62.96
330,2015-04-29,63.97
331,2015-04-30,63.9
332,2015-05-01,62.86
333,2015-05-04,63.9
334,2015-05-05,64.13
335,2015-05-06,66.22
336,2015-05-07,64.93
337,2015-05-08,64.62
338,2015-05-11,64.93
339,2015-05-12,63.82
340,2015-05-13,66.33
341,2015-05-14,65.58
342,2015-05-15,62.82
343,2015-05-18,65.58
344,2015-05-19,64.69
345,2015-05-20,63.52
346,2015-05-21,64.7
347,2015-05-22,65.15
348,2015-05-26,64.7
349,2015-05-27,61.35
350,2015-05-28,60.12
351,2015-05-29,64.52
352,2015-06-01,60.12
353,2015-06-02,63.16
354,2015-06-03,62.78
355,2015-06-04,60.34
356,2015-06-05,62.87
357,2015-06-08,60.34
358,2015-06-09,60.36
359,2015-06-10,64.68
360,2015-06-11,63.76
361,2015-06-12,61.33
362,2015-06-15,63.76
363,2015-06-16,63.19
364,2015-06-17,60.75
365,2015-06-18,61.37
366,2015-06-19,60.99
367,2015-06-22,61.37
368,2015-06-23,59.41
369,2015-06-24,61.63
370,2015-06-25,60.24
371,2015-06-26,60.54
372,2015-06-29,60.24
373,2015-06-30,60.14
374,2015-07-01,61.65
375,2015-07-02,61.73
376,2015-07-06,61.73
377,2015-07-07,59.06
378,2015-07-08,55.7
379,2015-07-09,57.83
380,2015-07-10,57.19
381,2015-07-13,57.83
382,2015-07-14,57.72
383,2015-07-15,57.34
384,2015-07-16,57.31
385,2015-07-17,57.63
386,2015-07-20,57.31
387,2015-07-21,56.38
388,2015-07-22,56.36
389,2015-07-23,55.76
390,2015-07-24,56.42
391,2015-07-27,55.76
392,2015-07-28,54.29
393,2015-07-29,54.73
394,2015-07-30,54.29
395,2015-07-31,54.07
396,2015-08-03,54.29
397,2015-08-04,53.29
398,2015-08-05,49.04
399,2015-08-06,47.8
400,2015-08-07,49.49
401,2015-08-10,47.8
402,2015-08-11,47.54
403,2015-08-12,48.29
404,2015-08-13,48.01
405,2015-08-14,48.3
406,2015-08-17,48.01
407,2015-08-18,47.79
408,2015-08-19,45.75
409,2015-08-20,45.63
410,2015-08-21,47.77
411,2015-08-24,45.63
412,2015-08-25,43.84
413,2015-08-26,47.76
414,2015-08-27,44.46
415,2015-08-28,41.59
416,2015-08-31,44.46
417,2015-09-01,47.97
418,2015-09-02,47.67
419,2015-09-03,50.41
420,2015-09-04,48.59
421,2015-09-08,48.59
422,2015-09-09,48.04
423,2015-09-10,47.77
424,2015-09-11,46.42
425,2015-09-14,47.77
426,2015-09-15,46.87
427,2015-09-16,49.35
428,2015-09-17,48.27
429,2015-09-18,45.87
430,2015-09-21,48.27
431,2015-09-22,47.28
432,2015-09-23,48.0
433,2015-09-24,47.06
434,2015-09-25,47.64
435,2015-09-28,47.06
436,2015-09-29,47.28
437,2015-09-30,47.29
438,2015-10-01,47.48
439,2015-10-02,46.04
440,2015-10-05,47.48
441,2015-10-06,46.55
442,2015-10-07,51.66
443,2015-10-08,52.13
444,2015-10-09,49.45
445,2015-10-12,52.13
446,2015-10-13,52.08
447,2015-10-14,48.25
448,2015-10-15,47.87
449,2015-10-16,50.95
450,2015-10-19,47.87
451,2015-10-20,48.96
452,2015-10-21,46.72
453,2015-10-22,46.59
454,2015-10-23,47.51
455,2015-10-26,46.59
456,2015-10-27,46.3
457,2015-10-28,47.6
458,2015-10-29,48.04
459,2015-10-30,46.57
460,2015-11-02,48.04
461,2015-11-03,48.0
462,2015-11-04,46.96
463,2015-11-05,47.19
464,2015-11-06,47.91
465,2015-11-09,47.19
466,2015-11-10,46.09
467,2015-11-11,44.98
468,2015-11-12,44.98
469,2015-11-13,45.38
470,2015-11-16,44.98
471,2015-11-17,41.98
472,2015-11-18,41.45
473,2015-11-19,42.22
474,2015-11-20,40.28
475,2015-11-23,42.22
476,2015-11-24,42.49
477,2015-11-25,43.56
478,2015-11-27,43.7
479,2015-11-30,43.55
480,2015-12-01,43.07
481,2015-12-02,41.92
482,2015-12-03,42.0
483,2015-12-04,43.73
484,2015-12-07,42.0
485,2015-12-08,41.44
486,2015-12-09,39.04
487,2015-12-10,38.65
488,2015-12-11,39.69
489,2015-12-14,38.65
490,2015-12-15,36.99
491,2015-12-16,36.96
492,2015-12-17,36.29
493,2015-12-18,36.51
494,2015-12-21,36.29
495,2015-12-22,36.76
496,2015-12-23,35.79
497,2015-12-24,37.22
498,2015-12-28,37.22
499,2015-12-29,36.85
500,2015-12-30,35.65
501,2015-12-31,36.61
502,2016-01-04,36.61
503,2016-01-05,35.56
504,2016-01-06,33.89
505,2016-01-07,33.57
506,2016-01-08,36.28
507,2016-01-11,33.57
508,2016-01-12,31.67
509,2016-01-13,28.58
510,2016-01-14,28.84
511,2016-01-15,30.14
512,2016-01-19,28.8
513,2016-01-20,26.01
514,2016-01-21,27.59
515,2016-01-22,27.36
516,2016-01-25,27.59
517,2016-01-26,30.46
518,2016-01-27,31.83
519,2016-01-28,33.01
520,2016-01-29,29.82
521,2016-02-01,33.01
522,2016-02-02,33.14
523,2016-02-03,32.38
524,2016-02-04,32.76
525,2016-02-05,32.45
526,2016-02-08,32.76
527,2016-02-09,32.35
528,2016-02-10,29.64
529,2016-02-11,28.82
530,2016-02-12,31.64
531,2016-02-16,31.8
532,2016-02-17,33.21
533,2016-02-18,33.2
534,2016-02-19,31.66
535,2016-02-22,33.2
536,2016-02-23,31.66
537,2016-02-24,33.59
538,2016-02-25,33.59
539,2016-02-26,31.9
540,2016-02-29,35.76
541,2016-03-01,35.73
542,2016-03-02,36.38
543,2016-03-03,35.92
544,2016-03-04,35.73
545,2016-03-07,37.61
546,2016-03-08,39.02
547,2016-03-09,40.26
548,2016-03-10,39.02
549,2016-03-11,39.16
550,2016-03-14,39.41
551,2016-03-15,37.49
552,2016-03-16,38.38
553,2016-03-17,38.06
554,2016-03-18,37.49
555,2016-03-21,39.26
556,2016-03-22,40.54
557,2016-03-23,38.84
558,2016-03-24,39.91
559,2016-03-28,38.33
560,2016-03-29,36.75
561,2016-03-30,36.75
562,2016-03-31,38.33
563,2016-04-01,36.75
564,2016-04-04,36.42
565,2016-04-05,35.88
566,2016-04-06,37.77
567,2016-04-07,36.05
568,2016-04-08,35.88
569,2016-04-11,40.71
570,2016-04-12,43.02
571,2016-04-13,42.81
572,2016-04-14,41.58
573,2016-04-15,43.02
574,2016-04-18,41.32
575,2016-04-19,43.02
576,2016-04-20,43.09
577,2016-04-21,41.64
578,2016-04-22,43.02
579,2016-04-25,43.97
580,2016-04-26,41.67
581,2016-04-27,44.17
582,2016-04-28,42.97
583,2016-04-29,43.94
584,2016-05-02,45.64
585,2016-05-03,43.09
586,2016-05-04,43.08
587,2016-05-05,45.82
588,2016-05-06,43.09
589,2016-05-09,44.6
590,2016-05-10,44.01
591,2016-05-11,46.08
592,2016-05-12,42.43
593,2016-05-13,44.01
594,2016-05-16,47.05
595,2016-05-17,48.71
596,2016-05-18,48.93
597,2016-05-19,48.49
598,2016-05-20,48.71
599,2016-05-23,48.54
600,2016-05-24,48.42
601,2016-05-25,48.87
602,2016-05-26,47.77
603,2016-05-27,48.42
604,2016-05-31,48.81
605,2016-06-01,49.05
606,2016-06-02,49.26
607,2016-06-03,48.81
608,2016-06-06,48.94
609,2016-06-07,50.37
610,2016-06-08,51.23
611,2016-06-09,49.71
612,2016-06-10,50.37
613,2016-06-13,49.09
614,2016-06-14,47.88
615,2016-06-15,47.47
616,2016-06-16,49.36
617,2016-06-17,47.88
618,2016-06-20,46.57
619,2016-06-21,48.18
620,2016-06-22,48.43
621,2016-06-23,48.68
622,2016-06-24,48.18
623,2016-06-27,46.69
624,2016-06-28,46.29
625,2016-06-29,48.4
626,2016-06-30,45.07
627,2016-07-01,46.29
628,2016-07-05,45.64
629,2016-07-06,45.7
630,2016-07-07,48.02
631,2016-07-08,45.64
632,2016-07-11,44.53
633,2016-07-12,46.72
634,2016-07-13,44.67
635,2016-07-14,44.04
636,2016-07-15,46.72
637,2016-07-18,46.25
638,2016-07-19,45.7
639,2016-07-20,45.82
640,2016-07-21,45.35
641,2016-07-22,45.7
642,2016-07-25,44.24
643,2016-07-26,43.56
644,2016-07-27,42.78
645,2016-07-28,43.76
646,2016-07-29,43.56
647,2016-08-01,40.76
648,2016-08-02,40.0
649,2016-08-03,40.45
650,2016-08-04,40.17
651,2016-08-05,40.0
652,2016-08-08,42.47
653,2016-08-09,43.37
654,2016-08-10,42.19
655,2016-08-11,43.24
656,2016-08-12,43.37
657,2016-08-15,45.12
658,2016-08-16,48.27
659,2016-08-17,48.58
660,2016-08-18,47.31
661,2016-08-19,48.27
662,2016-08-22,49.39
663,2016-08-23,48.7
664,2016-08-24,47.56
665,2016-08-25,48.1
666,2016-08-26,48.7
667,2016-08-29,49.66
668,2016-08-30,47.94
669,2016-08-31,47.94
670,2016-09-01,49.66
671,2016-09-02,47.94
672,2016-09-06,46.21
673,2016-09-07,47.0
674,2016-09-08,46.72
675,2016-09-09,46.21
676,2016-09-12,48.37
677,2016-09-13,47.82
678,2016-09-14,45.65
679,2016-09-15,47.82
680,2016-09-16,46.48
681,2016-09-19,45.26
682,2016-09-20,45.24
683,2016-09-21,45.99
684,2016-09-22,46.04
685,2016-09-23,45.24
686,2016-09-26,46.71
687,2016-09-27,44.95
688,2016-09-28,45.49
689,2016-09-29,46.61
690,2016-09-30,44.95
691,2016-10-03,48.24
692,2016-10-04,48.81
693,2016-10-05,49.57
694,2016-10-06,48.61
695,2016-10-07,48.81
696,2016-10-11,50.48
697,2016-10-12,49.53
698,2016-10-13,51.54
699,2016-10-14,50.48
700,2016-10-17,48.87
701,2016-10-18,49.81
702,2016-10-19,51.85
703,2016-10-20,49.31
704,2016-10-21,49.81
705,2016-10-24,50.28
706,2016-10-25,49.08
707,2016-10-26,48.98
708,2016-10-27,49.8
709,2016-10-28,49.08
710,2016-10-31,47.78
711,2016-11-01,45.77
712,2016-11-02,44.26
713,2016-11-03,46.2
714,2016-11-04,45.77
715,2016-11-07,43.06
716,2016-11-08,43.47
717,2016-11-09,43.88
718,2016-11-10,42.83
719,2016-11-14,41.61
720,2016-11-15,44.15
721,2016-11-16,45.07
722,2016-11-17,41.83
723,2016-11-18,44.15
724,2016-11-21,44.41
725,2016-11-22,46.1
726,2016-11-23,46.54
727,2016-11-25,46.1
728,2016-11-28,46.32
729,2016-11-29,44.68
730,2016-11-30,47.95
731,2016-12-01,46.64
732,2016-12-02,44.68
733,2016-12-05,52.35
734,2016-12-06,52.31
735,2016-12-07,51.9
736,2016-12-08,53.3
737,2016-12-09,52.31
738,2016-12-12,52.19
739,2016-12-13,53.28
740,2016-12-14,53.15
741,2016-12-15,53.99
742,2016-12-16,53.28
743,2016-12-19,54.15
744,2016-12-20,54.56
745,2016-12-21,53.01
746,2016-12-22,53.53
747,2016-12-23,54.56
748,2016-12-27,53.93
749,2016-12-28,53.93
750,2016-12-29,54.95
751,2016-12-30,53.93
752,2017-01-03,55.05
753,2017-01-04,54.57
754,2017-01-05,54.99
755,2017-01-06,55.05
756,2017-01-09,55.9
757,2017-01-10,53.2
758,2017-01-11,53.61
759,2017-01-12,54.39
760,2017-01-13,53.2
761,2017-01-17,54.68
762,2017-01-18,53.77
763,2017-01-19,54.3
764,2017-01-20,54.68
765,2017-01-23,55.04
766,2017-01-24,54.7
767,2017-01-25,54.34
768,2017-01-26,54.8
769,2017-01-27,54.7
770,2017-01-30,54.8
771,2017-01-31,55.25
772,2017-02-01,55.79
773,2017-02-02,54.77
774,2017-02-03,55.25
775,2017-02-06,55.92
776,2017-02-07,53.79
777,2017-02-08,54.42
778,2017-02-09,55.02
779,2017-02-10,53.79
780,2017-02-13,55.2
781,2017-02-14,54.96
782,2017-02-15,54.57
783,2017-02-16,54.15
784,2017-02-17,54.96
785,2017-02-21,56.34
786,2017-02-22,55.25
787,2017-02-23,56.34
788,2017-02-24,54.9
789,2017-02-27,54.65
790,2017-02-28,53.36
791,2017-03-01,54.65
792,2017-03-02,53.36
793,2017-03-03,55.72
794,2017-03-06,54.73
795,2017-03-07,54.61
796,2017-03-08,54.73
797,2017-03-09,54.61
798,2017-03-10,53.3
799,2017-03-13,50.1
800,2017-03-14,49.6
801,2017-03-15,50.1
802,2017-03-16,49.6
803,2017-03-17,50.63
804,2017-03-20,50.67
805,2017-03-21,50.14
806,2017-03-22,50.67
807,2017-03-23,50.14
808,2017-03-24,49.56
809,2017-03-27,50.12
810,2017-03-28,50.72
811,2017-03-29,50.12
812,2017-03-30,50.72
813,2017-03-31,51.36
814,2017-04-03,52.04
815,2017-04-04,53.08
816,2017-04-05,52.04
817,2017-04-06,53.08
818,2017-04-07,53.41
819,2017-04-10,54.79
820,2017-04-11,54.73
821,2017-04-12,54.79
822,2017-04-13,54.73
823,2017-04-17,54.79
824,2017-04-18,52.6
825,2017-04-19,54.79
826,2017-04-20,52.6
827,2017-04-21,52.43
828,2017-04-24,49.45
829,2017-04-25,49.37
830,2017-04-26,49.45
831,2017-04-27,49.37
832,2017-04-28,49.99
833,2017-05-01,50.41
834,2017-05-03,50.41
835,2017-05-04,49.31
836,2017-05-05,48.82
837,2017-05-08,46.61
838,2017-05-09,47.06
839,2017-05-10,46.61
840,2017-05-11,47.06
841,2017-05-12,48.09
842,2017-05-15,51.29
843,2017-05-16,51.21
844,2017-05-17,51.29
845,2017-05-18,51.21
846,2017-05-19,51.76
847,2017-05-22,53.35
848,2017-05-23,53.19
849,2017-05-24,53.35
850,2017-05-25,53.19
851,2017-05-26,53.29
852,2017-05-30,50.65
853,2017-05-31,52.25
854,2017-06-01,50.65
855,2017-06-02,49.4
856,2017-06-05,48.25
857,2017-06-06,48.11
858,2017-06-07,48.25
859,2017-06-08,48.11
860,2017-06-09,47.08
861,2017-06-12,47.18
862,2017-06-13,46.95
863,2017-06-14,47.18
864,2017-06-15,46.95
865,2017-06-16,45.47
866,2017-06-19,45.93
867,2017-06-20,43.98
868,2017-06-21,45.93
869,2017-06-22,43.98
870,2017-06-23,44.62
871,2017-06-26,44.09
872,2017-06-27,46.17
873,2017-06-28,44.09
874,2017-06-29,46.17
875,2017-06-30,46.45
876,2017-07-03,49.13
877,2017-07-05,49.13
878,2017-07-06,49.15
879,2017-07-07,47.58
880,2017-07-10,46.57
881,2017-07-11,46.68
882,2017-07-12,46.57
883,2017-07-13,46.68
884,2017-07-14,46.73
885,2017-07-17,47.66
886,2017-07-18,47.92
887,2017-07-19,47.66
888,2017-07-20,47.92
889,2017-07-21,48.34
890,2017-07-24,47.81
891,2017-07-25,49.19
892,2017-07-26,47.81
893,2017-07-27,49.19
894,2017-07-28,50.08
895,2017-07-31,51.99
896,2017-08-01,50.77
897,2017-08-02,51.99
898,2017-08-03,50.77
899,2017-08-04,52.09
900,2017-08-07,51.42
901,2017-08-08,52.18
902,2017-08-09,51.42
903,2017-08-10,52.18
904,2017-08-11,52.16
905,2017-08-14,51.29
906,2017-08-15,49.9
907,2017-08-16,51.29
908,2017-08-17,49.9
909,2017-08-18,50.39
910,2017-08-21,51.94
911,2017-08-22,52.29
912,2017-08-23,51.94
913,2017-08-24,52.29
914,2017-08-25,52.31
915,2017-08-28,51.87
916,2017-08-29,51.64
917,2017-08-30,51.87
918,2017-08-31,51.64
919,2017-09-01,51.91
920,2017-09-05,53.63
921,2017-09-06,52.6
922,2017-09-07,53.63
923,2017-09-08,54.48
924,2017-09-11,54.2
925,2017-09-12,55.06
926,2017-09-13,54.2
927,2017-09-14,55.06
928,2017-09-15,55.52
929,2017-09-18,55.5
930,2017-09-19,56.58
931,2017-09-20,55.5
932,2017-09-21,56.58
933,2017-09-22,57.2
934,2017-09-25,59.42
935,2017-09-26,59.77
936,2017-09-27,59.42
937,2017-09-28,59.77
938,2017-09-29,58.74
939,2017-10-02,55.67
940,2017-10-03,56.12
941,2017-10-04,55.67
942,2017-10-05,56.12
943,2017-10-06,56.0
944,2017-10-09,55.29
945,2017-10-10,56.62
946,2017-10-11,55.29
947,2017-10-12,56.62
948,2017-10-13,56.13
949,2017-10-16,57.49
950,2017-10-17,57.63
951,2017-10-18,57.49
952,2017-10-19,57.63
953,2017-10-20,58.05
954,2017-10-23,57.69
955,2017-10-24,57.84
956,2017-10-25,57.69
957,2017-10-26,57.84
958,2017-10-27,58.45
959,2017-10-30,60.65
960,2017-10-31,61.35
961,2017-11-01,60.65
962,2017-11-02,61.35
963,2017-11-03,60.98
964,2017-11-06,64.27
965,2017-11-07,64.36
966,2017-11-08,64.27
967,2017-11-09,64.36
968,2017-11-10,63.96
969,2017-11-13,62.94
970,2017-11-14,60.91
971,2017-11-15,62.94
972,2017-11-16,60.91
973,2017-11-17,61.25
974,2017-11-20,61.34
975,2017-11-21,62.28
976,2017-11-22,61.34
977,2017-11-24,62.92
978,2017-11-27,63.25
979,2017-11-28,63.56
980,2017-11-29,63.25
981,2017-11-30,63.56
982,2017-12-01,63.74
983,2017-12-04,63.45
984,2017-12-05,63.45
985,2017-12-06,63.45
986,2017-12-07,63.45
987,2017-12-08,62.25
988,2017-12-11,65.62
989,2017-12-12,64.96
990,2017-12-13,65.62
991,2017-12-14,64.96
992,2017-12-15,63.66
993,2017-12-18,64.45
994,2017-12-19,63.69
995,2017-12-20,64.45
996,2017-12-21,63.69
997,2017-12-22,64.43
998,2017-12-26,64.61
999,2017-12-27,66.03
1000,2017-12-28,64.61
1001,2017-12-29,66.03
1002,2018-01-02,66.65
1003,2018-01-03,66.65
1004,2018-01-04,66.65
1005,2018-01-05,67.85
1006,2018-01-08,68.48
1007,2018-01-09,69.08
1008,2018-01-10,68.48
1009,2018-01-11,69.08
1010,2018-01-12,69.79
1011,2018-01-16,69.4
1012,2018-01-17,70.31
1013,2018-01-18,69.4
1014,2018-01-19,69.19
1015,2018-01-22,69.32
1016,2018-01-23,69.81
1017,2018-01-24,69.32
1018,2018-01-25,69.81
1019,2018-01-26,69.91
1020,2018-01-29,68.41
1021,2018-01-30,67.78
1022,2018-01-31,68.41
1023,2018-02-01,67.78
1024,2018-02-02,67.78
1025,2018-02-05,67.69
1026,2018-02-06,66.75
1027,2018-02-07,67.69
1028,2018-02-08,66.75
1029,2018-02-09,65.74
1030,2018-02-12,62.2
1031,2018-02-13,61.94
1032,2018-02-14,62.2
1033,2018-02-15,61.94
1034,2018-02-16,62.29
1035,2018-02-20,64.95
1036,2018-02-21,64.68
1037,2018-02-22,64.81
1038,2018-02-23,66.12
1039,2018-02-26,67.96
1040,2018-02-27,67.96
1041,2018-02-28,67.59
1042,2018-03-01,66.08
1043,2018-03-02,64.23
1044,2018-03-05,65.78
1045,2018-03-06,65.78
1046,2018-03-07,65.67
1047,2018-03-08,65.09
1048,2018-03-09,63.87
1049,2018-03-12,64.53
1050,2018-03-13,64.53
1051,2018-03-14,64.2
1052,2018-03-15,63.61
1053,2018-03-16,63.67
1054,2018-03-19,64.82
1055,2018-03-20,64.82
1056,2018-03-21,66.0
1057,2018-03-22,68.15
1058,2018-03-23,68.98
1059,2018-03-26,68.81
1060,2018-03-27,68.81
1061,2018-03-28,68.63
1062,2018-03-29,68.13
1063,2018-04-04,69.02
1064,2018-04-05,66.04
1065,2018-04-06,66.54
1066,2018-04-09,68.19
1067,2018-04-10,68.19
1068,2018-04-11,70.67
1069,2018-04-12,72.74
1070,2018-04-13,71.44
1071,2018-04-16,72.05
1072,2018-04-17,72.05
1073,2018-04-18,71.71
1074,2018-04-19,73.73
1075,2018-04-20,74.85
1076,2018-04-23,74.54
1077,2018-04-24,74.54
1078,2018-04-25,75.86
1079,2018-04-26,73.79
1080,2018-04-27,75.39
1081,2018-04-30,75.92
1082,2018-05-01,75.92
1083,2018-05-02,74.85
1084,2018-05-03,73.14
1085,2018-05-04,73.45
1086,2018-05-07,74.75
1087,2018-05-08,74.75
1088,2018-05-09,74.16
1089,2018-05-10,77.6
1090,2018-05-11,77.59
1091,2018-05-14,78.17
1092,2018-05-15,78.17
1093,2018-05-16,78.94
1094,2018-05-17,78.19
1095,2018-05-18,80.09
1096,2018-05-21,78.34
1097,2018-05-22,78.34
1098,2018-05-23,80.42
1099,2018-05-24,78.69
1100,2018-05-25,78.9
1101,2018-05-29,74.51
1102,2018-05-30,74.51
1103,2018-05-31,75.89
1104,2018-06-01,76.45
1105,2018-06-04,73.41
1106,2018-06-05,73.41
1107,2018-06-06,72.91
1108,2018-06-07,73.23
1109,2018-06-08,75.23
1110,2018-06-11,74.58
1111,2018-06-12,74.58
1112,2018-06-13,74.86
1113,2018-06-14,75.07
1114,2018-06-15,74.77
1115,2018-06-18,74.87
1116,2018-06-19,74.87
1117,2018-06-20,74.92
1118,2018-06-21,74.25
1119,2018-06-22,72.87
1120,2018-06-25,72.82
1121,2018-06-26,72.82
1122,2018-06-27,73.58
1123,2018-06-28,76.09
1124,2018-06-29,76.26
1125,2018-07-02,76.71
1126,2018-07-03,76.71
1127,2018-07-05,76.99
1128,2018-07-06,77.09
1129,2018-07-09,77.08
1130,2018-07-10,77.08
1131,2018-07-11,77.8
1132,2018-07-12,75.35
1133,2018-07-13,72.11
1134,2018-07-16,71.03
1135,2018-07-17,71.03
1136,2018-07-18,70.87
1137,2018-07-19,70.52
1138,2018-07-20,71.94
1139,2018-07-23,73.45
1140,2018-07-24,73.45
1141,2018-07-25,73.53
1142,2018-07-26,73.67
1143,2018-07-27,74.51
1144,2018-07-30,74.99
1145,2018-07-31,74.99
1146,2018-08-01,74.16
1147,2018-08-02,72.28
1148,2018-08-03,72.95
1149,2018-08-06,72.51
1150,2018-08-07,72.51
1151,2018-08-08,72.31
1152,2018-08-09,70.71
1153,2018-08-10,70.55
1154,2018-08-13,70.62
1155,2018-08-14,70.62
1156,2018-08-15,70.77
1157,2018-08-16,68.38
1158,2018-08-17,69.21
1159,2018-08-20,71.11
1160,2018-08-21,71.11
1161,2018-08-22,71.65
1162,2018-08-23,72.96
1163,2018-08-24,73.73
1164,2018-08-27,74.41
1165,2018-08-28,74.41
1166,2018-08-29,75.91
1167,2018-08-30,76.07
1168,2018-08-31,77.05
1169,2018-09-04,77.81
1170,2018-09-05,77.51
1171,2018-09-06,76.68
1172,2018-09-07,75.67
1173,2018-09-10,76.77
1174,2018-09-11,76.77
1175,2018-09-12,78.22
1176,2018-09-13,80.02
1177,2018-09-14,77.66
1178,2018-09-17,78.22
1179,2018-09-18,78.22
1180,2018-09-19,79.25
1181,2018-09-20,79.43
1182,2018-09-21,79.03
1183,2018-09-24,80.89
1184,2018-09-25,80.89
1185,2018-09-26,82.21
1186,2018-09-27,81.87
1187,2018-09-28,81.54
1188,2018-10-01,84.94
1189,2018-10-02,84.94
1190,2018-10-03,85.63
1191,2018-10-04,85.45
1192,2018-10-05,86.07
1193,2018-10-08,85.16
1194,2018-10-09,84.22
1195,2018-10-10,85.16
1196,2018-10-11,83.82
1197,2018-10-12,81.35
1198,2018-10-15,80.91
1199,2018-10-16,80.91
1200,2018-10-17,80.53
1201,2018-10-18,79.91
1202,2018-10-19,80.3
1203,2018-10-22,80.45
1204,2018-10-23,80.45
1205,2018-10-24,78.67
1206,2018-10-25,77.34
1207,2018-10-26,77.3
1208,2018-10-29,77.56
1209,2018-10-30,77.56
1210,2018-10-31,75.68
1211,2018-11-01,74.84
1212,2018-11-02,71.25
1213,2018-11-05,72.68
1214,2018-11-06,72.68
1215,2018-11-07,70.64
1216,2018-11-08,70.1
1217,2018-11-09,69.29
1218,2018-11-12,69.81
1219,2018-11-13,69.81
1220,2018-11-14,65.45
1221,2018-11-15,64.88
1222,2018-11-16,65.61
1223,2018-11-19,64.14
1224,2018-11-20,64.14
1225,2018-11-21,61.5
1226,2018-11-23,61.11
1227,2018-11-26,59.7
1228,2018-11-27,59.7
1229,2018-11-28,59.58
1230,2018-11-29,57.97
1231,2018-11-30,58.29
1232,2018-12-03,60.17
1233,2018-12-04,60.17
1234,2018-12-06,61.4
1235,2018-12-07,57.83
1236,2018-12-10,60.29
1237,2018-12-11,60.29
1238,2018-12-12,59.73
1239,2018-12-13,59.94
1240,2018-12-14,59.03
1241,2018-12-17,57.59
1242,2018-12-18,57.59
1243,2018-12-19,55.26
1244,2018-12-20,55.6
1245,2018-12-21,52.84
1246,2018-12-27,51.49
1247,2018-12-28,51.49
1248,2019-01-02,54.06
1249,2019-01-03,54.06
1250,2019-01-04,53.23
1251,2019-01-07,57.1
1252,2019-01-08,57.1
1253,2019-01-09,56.91
1254,2019-01-10,59.46
1255,2019-01-11,60.47
1256,2019-01-14,58.8
1257,2019-01-15,58.8
1258,2019-01-16,58.65
1259,2019-01-17,59.81
1260,2019-01-18,59.85
1261,2019-01-22,62.18
1262,2019-01-23,60.9
1263,2019-01-24,61.05
1264,2019-01-25,61.09
1265,2019-01-28,59.71
1266,2019-01-29,59.71
1267,2019-01-30,60.98
1268,2019-01-31,61.89
1269,2019-02-01,62.46
1270,2019-02-04,62.26
1271,2019-02-05,62.26
1272,2019-02-06,61.67
1273,2019-02-07,62.22
1274,2019-02-08,61.01
1275,2019-02-11,61.3
1276,2019-02-12,61.3
1277,2019-02-13,62.58
1278,2019-02-14,63.27
1279,2019-02-15,64.0
1280,2019-02-19,65.86
1281,2019-02-20,66.82
1282,2019-02-21,66.91
1283,2019-02-22,66.91
1284,2019-02-25,64.02
1285,2019-02-26,64.51
1286,2019-02-27,65.55
1287,2019-02-28,65.03
1288,2019-03-01,63.71
1289,2019-03-04,64.44
1290,2019-03-05,64.24
1291,2019-03-06,64.51
1292,2019-03-07,64.82
1293,2019-03-08,65.66
1294,2019-03-11,65.06
1295,2019-03-12,65.33
1296,2019-03-13,65.89
1297,2019-03-14,66.18
1298,2019-03-15,66.11
1299,2019-03-18,66.65
1300,2019-03-19,67.13
1301,2019-03-20,68.35
1302,2019-03-21,68.3
1303,2019-03-22,66.29
1304,2019-03-25,67.37
1305,2019-03-26,67.51
1306,2019-03-27,67.35
1307,2019-03-28,66.08
1308,2019-03-29,67.93
1309,2019-04-01,69.08
1310,2019-04-02,69.68
1311,2019-04-03,69.21
1312,2019-04-04,69.8
1313,2019-04-05,69.93
1314,2019-04-08,71.12
1315,2019-04-09,71.02
1316,2019-04-10,71.63
1317,2019-04-11,71.3
1318,2019-04-12,71.57
1319,2019-04-15,70.9
1320,2019-04-16,70.74
1321,2019-04-17,71.14
1322,2019-04-18,70.71
1323,2019-04-23,74.39
1324,2019-04-24,73.59
1325,2019-04-25,74.94
1326,2019-04-26,71.03
1327,2019-04-29,71.22
1328,2019-04-30,72.19
1329,2019-05-01,72.01
1330,2019-05-02,70.56
1331,2019-05-03,71.95
1332,2019-05-06,71.95
1333,2019-05-07,70.98
1334,2019-05-08,71.09
1335,2019-05-09,70.61
1336,2019-05-10,71.63
1337,2019-05-13,72.35
1338,2019-05-14,72.53
1339,2019-05-15,73.09
1340,2019-05-16,74.7
1341,2019-05-17,73.94
1342,2019-05-20,73.21
1343,2019-05-21,72.94
1344,2019-05-22,71.94
1345,2019-05-23,68.37
1346,2019-05-24,67.98
1347,2019-05-28,70.19
1348,2019-05-29,70.64
1349,2019-05-30,69.55
1350,2019-05-31,66.78
1351,2019-06-03,63.16
1352,2019-06-04,63.56
1353,2019-06-05,62.14
1354,2019-06-06,62.77
1355,2019-06-07,64.1
1356,2019-06-10,64.31
1357,2019-06-11,63.56
1358,2019-06-12,61.66
1359,2019-06-13,63.28
1360,2019-06-14,63.13
1361,2019-06-17,62.56
1362,2019-06-18,63.35
1363,2019-06-19,62.85
1364,2019-06-20,65.44
1365,2019-06-21,65.99
1366,2019-06-24,65.16
1367,2019-06-25,66.24
1368,2019-06-26,66.85
1369,2019-06-27,66.78
1370,2019-06-28,67.52
1371,2019-07-01,65.1
1372,2019-07-02,62.72
1373,2019-07-03,63.53
1374,2019-07-05,64.23
1375,2019-07-08,64.89
1376,2019-07-09,64.3
1377,2019-07-10,66.41
1378,2019-07-11,67.64
1379,2019-07-12,66.65
1380,2019-07-15,66.86
1381,2019-07-16,65.87
1382,2019-07-17,63.67
1383,2019-07-18,60.7
1384,2019-07-19,61.04
1385,2019-07-22,61.96
1386,2019-07-23,62.28
1387,2019-07-24,63.83
1388,2019-07-25,63.47
1389,2019-07-26,62.46
1390,2019-07-29,62.29
1391,2019-07-30,62.55
1392,2019-07-31,64.07
1393,2019-08-01,62.9
1394,2019-08-02,61.12
1395,2019-08-05,59.32
1396,2019-08-06,58.63
1397,2019-08-07,55.03
1398,2019-08-08,56.29
1399,2019-08-09,57.37
1400,2019-08-12,57.13
1401,2019-08-13,59.9
1402,2019-08-14,57.86
1403,2019-08-15,57.37
1404,2019-08-16,59.0
1405,2019-08-19,59.79
1406,2019-08-20,59.03
1407,2019-08-21,60.6
1408,2019-08-22,59.81
1409,2019-08-23,58.64
1410,2019-08-26,58.64
1411,2019-08-27,58.44
1412,2019-08-28,60.42
1413,2019-08-29,60.59
1414,2019-08-30,61.04
1415,2019-09-03,57.93
1416,2019-09-04,60.68
1417,2019-09-05,62.7
1418,2019-09-06,61.28
1419,2019-09-09,63.99
1420,2019-09-10,64.67
1421,2019-09-11,63.02
1422,2019-09-12,60.76
1423,2019-09-13,61.25
1424,2019-09-16,68.42
1425,2019-09-17,65.59
1426,2019-09-18,64.29
1427,2019-09-19,64.25
1428,2019-09-20,65.23
1429,2019-09-23,64.66
1430,2019-09-24,64.13
1431,2019-09-25,62.41
1432,2019-09-26,62.08
1433,2019-09-27,62.48
1434,2019-09-30,60.99
1435,2019-10-01,60.06
1436,2019-10-02,57.92
1437,2019-10-03,58.01
1438,2019-10-04,59.13
1439,2019-10-07,59.46
1440,2019-10-08,58.14
1441,2019-10-09,59.7
1442,2019-10-10,59.08
1443,2019-10-11,60.59
1444,2019-10-14,58.81
1445,2019-10-15,59.19
1446,2019-10-16,59.3
1447,2019-10-17,59.35
1448,2019-10-18,59.96
1449,2019-10-21,58.95
1450,2019-10-22,60.5
1451,2019-10-23,60.52
1452,2019-10-24,61.71
1453,2019-10-25,62.06
1454,2019-10-28,60.39
1455,2019-10-29,61.05
1456,2019-10-30,60.22
1457,2019-10-31,59.3
1458,2019-11-01,60.17
1459,2019-11-04,62.52
1460,2019-11-05,62.72
1461,2019-11-06,62.11
1462,2019-11-07,62.6
1463,2019-11-08,62.0
1464,2019-11-11,62.58
1465,2019-11-12,62.19
1466,2019-11-13,62.27
1467,2019-11-14,62.46
1468,2019-11-15,63.32
1469,2019-11-18,62.82
1470,2019-11-19,62.37
1471,2019-11-20,63.8
1472,2019-11-21,64.99
1473,2019-11-22,64.83
1474,2019-11-25,64.67
1475,2019-11-26,64.82
1476,2019-11-27,65.03
1477,2019-11-29,64.5
1478,2019-12-02,63.2
1479,2019-12-03,62.95
1480,2019-12-04,65.25
1481,2019-12-05,65.67
1482,2019-12-06,66.5
1483,2019-12-09,66.44
1484,2019-12-10,66.57
1485,2019-12-11,65.37
1486,2019-12-12,66.67
1487,2019-12-13,67.44
1488,2019-12-16,68.04
1489,2019-12-18,69.12
1490,2019-12-19,69.7
1491,2019-12-20,68.66
1492,2019-12-23,67.49
1493,2019-12-24,69.26
1494,2019-12-26,69.26
1495,2019-12-27,68.91
1496,2019-12-30,68.3
1497,2019-12-31,67.77
1498,2020-01-02,67.05
1499,2020-01-03,69.08
1500,2020-01-06,70.25
1501,2020-01-07,68.74
1502,2020-01-08,67.31
1503,2020-01-09,66.58
1504,2020-01-10,66.77
1505,2020-01-13,64.14
1506,2020-01-14,64.45
1507,2020-01-15,63.29
1508,2020-01-16,64.63
1509,2020-01-17,64.05
1510,2020-01-21,63.66
1511,2020-01-22,62.11
1512,2020-01-23,61.26
1513,2020-01-24,59.34
1514,2020-01-27,58.54
1515,2020-01-28,59.37
1516,2020-01-29,59.46
1517,2020-01-30,57.72
1518,2020-01-31,57.77
1519,2020-02-03,54.0
1520,2020-02-04,53.9
1521,2020-02-05,55.36
1522,2020-02-06,55.18
1523,2020-02-07,54.53
1524,2020-02-10,53.39
1525,2020-02-11,54.0
1526,2020-02-12,55.54
1527,2020-02-13,56.34
1528,2020-02-14,57.37
1529,2020-02-18,57.35
1530,2020-02-19,59.72
1531,2020-02-20,59.72
1532,2020-02-21,58.6
1533,2020-02-24,56.04
1534,2020-02-25,56.71
1535,2020-02-26,54.96
1536,2020-02-27,52.19
1537,2020-02-28,51.31
1538,2020-03-02,52.52
1539,2020-03-03,52.24
1540,2020-03-04,51.86
1541,2020-03-05,51.29
1542,2020-03-06,45.6
1543,2020-03-09,35.33
1544,2020-03-10,36.66
1545,2020-03-11,34.45
1546,2020-03-12,31.05
1547,2020-03-13,33.0
1548,2020-05-14,29.87
1549,2020-05-15,30.95
1550,2020-05-18,33.3
1551,2020-05-19,33.06
1552,2020-05-20,34.76
1553,2020-05-21,34.78
1554,2020-05-22,33.8
1555,2020-05-26,33.95
1556,2020-05-27,32.73
1557,2020-05-28,33.98
1558,2020-05-29,34.15
1559,2020-06-01,36.74
1560,2020-06-02,37.72
1561,2020-06-03,37.98
1562,2020-06-04,38.41
1563,2020-06-05,41.0
1564,2020-06-08,39.66
1565,2020-06-09,40.45
1566,2020-06-10,41.18
1567,2020-06-11,37.76
1568,2020-06-12,38.54
1569,2020-06-15,39.44
1570,2020-06-16,40.75
1571,2020-06-17,40.47
1572,2020-06-18,41.75
1573,2020-06-19,42.33
1574,2020-06-22,43.2
1575,2020-06-23,42.72
1576,2020-06-24,40.4
1577,2020-06-25,41.18
1578,2020-06-26,40.97
1579,2020-06-29,41.58
1580,2020-06-30,41.64
1581,2020-07-01,42.18
1582,2020-07-02,43.19
1583,2020-07-06,42.73
1584,2020-07-07,43.28
1585,2020-07-08,43.67
1586,2020-07-09,42.35
1587,2020-07-10,43.27
1588,2020-07-13,42.85
1589,2020-07-14,42.97
1590,2020-07-15,43.96
1591,2020-07-16,43.71
1592,2020-07-17,43.53
1593,2020-07-20,43.3
1594,2020-07-21,44.31
1595,2020-07-22,43.98
1596,2020-07-23,42.96
1597,2020-07-24,43.29
1598,2020-07-27,43.39
1599,2020-07-28,43.11
1600,2020-07-29,43.51
1601,2020-07-30,42.98
1602,2020-07-31,43.13
1603,2020-08-03,43.76
1604,2020-08-04,43.99
1605,2020-08-05,44.92
1606,2020-08-06,45.04
1607,2020-08-07,44.07
1608,2020-08-10,44.19
1609,2020-08-11,43.68
1610,2020-08-12,45.09
1611,2020-08-13,44.87
1612,2020-08-14,44.86
1613,2020-08-17,44.91
1614,2020-08-18,45.34
1615,2020-08-19,45.21
1616,2020-08-20,44.56
1617,2020-08-21,43.94
1618,2020-08-24,44.43
1619,2020-08-25,46.01
1620,2020-08-26,45.79
1621,2020-08-27,44.84
1622,2020-08-28,45.22
1623,2020-09-02,42.7
1624,2020-09-03,42.72
1625,2020-09-04,41.1
1626,2020-09-08,38.53
1627,2020-09-09,39.98
1628,2020-09-10,39.27
1629,2020-09-11,38.8
1630,2020-09-14,38.57
1631,2020-09-15,39.54
1632,2020-09-16,41.23
1633,2020-09-17,42.35
1634,2020-09-18,42.16
1635,2020-09-21,40.37
1636,2020-09-22,40.84
1637,2020-09-23,41.09
1638,2020-09-24,41.24
1639,2020-09-25,40.91
1640,2020-09-28,41.59
1641,2020-09-29,40.33
1642,2020-09-30,40.3
1643,2020-10-01,39.75
1644,2020-10-02,38.0
1645,2020-10-05,39.78
1646,2020-10-06,41.27
1647,2020-10-07,40.62
1648,2020-10-08,42.0
1649,2020-10-09,41.63
1650,2020-10-12,40.5
1651,2020-10-13,41.34
1652,2020-10-14,41.81
1653,2020-10-15,41.61
1654,2020-10-16,41.34
1655,2020-10-19,41.29
1656,2020-10-20,41.62
1657,2020-10-21,40.09
1658,2020-10-22,41.28
1659,2020-10-23,40.71
1660,2020-10-26,39.06
1661,2020-10-27,39.72
1662,2020-10-28,37.86
1663,2020-10-29,36.56
1664,2020-10-30,36.33
1665,2020-11-02,37.78
1666,2020-11-03,38.17
1667,2020-11-04,39.68
1668,2020-11-05,39.47
1669,2020-11-06,38.08
1670,2020-11-09,40.93
1671,2020-11-10,42.25
1672,2020-11-11,42.5
1673,2020-11-12,42.16
1674,2020-11-13,41.51
1675,2020-11-16,42.71
1676,2020-11-17,42.54
1677,2020-11-18,42.91
1678,2020-11-19,43.09
1679,2020-11-20,43.79
1680,2020-11-23,45.0
1681,2020-11-24,46.63
1682,2020-11-25,47.3
1683,2020-11-27,46.88
1684,2020-11-30,46.84
1685,2020-12-01,47.03
1686,2020-12-02,47.8
1687,2020-12-03,48.37
1688,2020-12-04,49.1
1689,2020-12-07,48.63
1690,2020-12-08,48.84
1691,2020-12-09,48.81
1692,2020-12-10,50.33
1693,2020-12-11,50.01
1694,2020-12-14,50.27
1695,2020-12-18,52.17
1696,2020-12-21,50.61
1697,2020-12-22,49.88
1698,2020-12-23,51.05
1699,2020-12-24,50.88
1700,2020-12-28,50.88
1701,2020-12-29,50.44
1702,2020-12-30,50.74
1703,2021-01-04,50.37
1704,2021-01-05,53.16
1705,2021-01-06,53.8
1706,2021-01-07,53.7
1707,2021-01-08,55.51
1708,2021-01-11,54.84
1709,2021-01-12,55.98
1710,2021-01-13,55.52
1711,2021-01-14,55.76
1712,2021-01-15,54.8
1713,2021-01-19,55.38
1714,2021-01-20,55.66
1715,2021-01-21,55.68
1716,2021-01-22,55.22
1717,2021-01-25,55.44
1718,2021-01-26,55.26
1719,2021-01-27,55.07
1720,2021-01-28,54.87
1721,2021-01-29,55.25
1722,2021-02-01,56.42
1723,2021-02-02,57.62
1724,2021-02-03,58.61
1725,2021-02-04,58.98
1726,2021-02-05,59.48
1727,2021-02-08,60.17
1728,2021-02-09,60.74
1729,2021-02-10,61.17
1730,2021-02-11,61.09
1731,2021-02-12,62.47
1732,2021-02-16,63.96
1733,2021-02-17,65.02
1734,2021-02-18,64.09
1735,2021-02-19,62.84
1736,2021-02-22,64.73
1737,2021-02-23,65.16
1738,2021-02-24,66.85
1739,2021-02-25,66.69
1740,2021-02-26,65.86
1741,2021-03-01,64.56
1742,2021-03-02,63.17
1743,2021-03-03,64.7
1744,2021-03-04,67.32
1745,2021-03-05,69.95
1746,2021-03-08,68.0
1747,2021-03-09,67.03
1748,2021-03-10,67.53
1749,2021-03-11,69.34
1750,2021-03-12,68.87
1751,2021-03-15,68.78
1752,2021-03-16,67.95
1753,2021-03-17,67.73
1754,2021-03-18,62.11
1755,2021-03-19,64.0
1756,2021-03-22,63.89
1757,2021-03-23,59.96
1758,2021-03-24,63.7
1759,2021-03-25,61.21
1760,2021-03-26,63.77
1761,2021-03-29,64.06
1762,2021-03-30,63.28
1763,2021-03-31,63.52
1764,2021-04-01,63.85
1765,2021-04-05,63.85
1766,2021-04-06,61.47
1767,2021-04-07,61.86
1768,2021-04-08,62.09
1769,2021-04-09,61.89
1770,2021-04-12,62.38
1771,2021-04-13,62.83
1772,2021-04-14,66.11
1773,2021-04-15,66.13
1774,2021-04-16,65.98
1775,2021-04-19,66.54
1776,2021-04-20,65.34
1777,2021-04-21,64.02
1778,2021-04-22,65.07
1779,2021-04-23,65.75
1780,2021-04-26,65.5
1781,2021-04-27,66.25
1782,2021-04-28,67.08
1783,2021-04-29,68.26
1784,2021-04-30,67.73
1785,2021-05-05,69.71
1786,2021-05-06,68.62
1787,2021-05-07,68.73
1788,2021-05-10,68.61
1789,2021-05-11,68.83
1790,2021-05-12,69.62
1791,2021-05-13,67.36
1792,2021-05-14,69.24
1793,2021-05-17,69.62
1794,2021-05-18,69.01
1795,2021-05-19,66.88
1796,2021-05-20,65.18
1797,2021-05-21,66.72
1798,2021-05-24,68.59
1799,2021-05-25,68.8
1800,2021-05-26,68.93
1801,2021-05-27,69.43
1802,2021-05-28,69.36
1803,2021-06-01,70.03
1804,2021-06-02,70.6
1805,2021-06-03,70.71
1806,2021-06-04,71.3
1807,2021-06-07,70.89
1808,2021-06-08,71.39
1809,2021-06-09,71.31
1810,2021-06-10,71.65
1811,2021-06-11,72.05
1812,2021-06-14,72.27
1813,2021-06-15,73.38
1814,2021-06-16,73.88
1815,2021-06-17,72.92
1816,2021-06-18,73.1
1817,2021-06-21,74.49
1818,2021-06-22,74.92
1819,2021-06-23,75.22
1820,2021-06-24,75.95
1821,2021-06-25,76.45
1822,2021-06-28,74.78
1823,2021-06-29,75.38
1824,2021-06-30,76.94
1825,2021-07-01,76.69
1826,2021-07-02,77.51
1827,2021-07-06,75.81
1828,2021-07-07,74.31
1829,2021-07-08,75.07
1830,2021-07-09,77.14
1831,2021-07-12,76.77
1832,2021-07-13,77.5
1833,2021-07-14,75.74
1834,2021-07-15,74.53
1835,2021-07-16,74.46
1836,2021-07-19,69.33
1837,2021-07-20,70.03
1838,2021-07-21,72.54
1839,2021-07-22,74.25
1840,2021-07-23,74.86
1841,2021-07-26,74.79
1842,2021-07-27,74.87
1843,2021-07-28,75.09
1844,2021-07-29,76.3
1845,2021-07-30,77.72
1846,2021-08-02,73.91
1847,2021-08-03,73.24
1848,2021-08-04,70.99
1849,2021-08-05,72.14
1850,2021-08-06,71.02
1851,2021-08-09,69.65
1852,2021-08-10,71.14
1853,2021-08-11,71.99
1854,2021-08-12,71.79
1855,2021-08-13,70.9
1856,2021-08-16,70.07
1857,2021-08-17,69.4
1858,2021-08-18,68.61
1859,2021-08-19,66.8
1860,2021-08-20,65.51
1861,2021-08-23,69.07
1862,2021-08-24,71.21
1863,2021-08-25,72.12
1864,2021-08-26,70.42
1865,2021-08-27,72.26
1866,2021-08-31,73.45
1867,2021-09-01,71.99
1868,2021-09-02,73.56
1869,2021-09-03,73.07
1870,2021-09-07,71.52
1871,2021-09-08,72.36
1872,2021-09-09,71.32
1873,2021-09-10,72.44
1874,2021-09-13,72.97
1875,2021-09-14,73.05
1876,2021-09-15,74.84
1877,2021-09-16,75.14
1878,2021-09-17,74.64
1879,2021-09-20,73.59
1880,2021-09-21,73.65
1881,2021-09-22,75.5
1882,2021-09-23,76.44
1883,2021-09-24,77.42
1884,2021-09-27,78.85
1885,2021-09-28,78.3
1886,2021-09-29,77.86
1887,2021-09-30,77.81
1888,2021-10-01,79.4
1889,2021-10-04,81.44
1890,2021-10-05,82.72
1891,2021-10-06,81.39
1892,2021-10-07,82.34
1893,2021-10-08,82.17
1894,2021-10-11,83.75
1895,2021-10-12,83.53
1896,2021-10-13,83.53
1897,2021-10-14,83.86
1898,2021-10-15,84.67
1899,2021-10-18,84.13
1900,2021-10-19,85.02
1901,2021-10-20,85.76
1902,2021-10-21,84.58
1903,2021-10-22,85.43
1904,2021-10-25,84.85
1905,2021-10-26,85.11
1906,2021-10-27,84.12
1907,2021-10-28,83.4
1908,2021-10-29,83.1
1909,2021-11-01,84.51
1910,2021-11-02,84.42
1911,2021-11-03,81.1
1912,2021-11-04,80.15
1913,2021-11-05,82.43
1914,2021-11-08,83.22
1915,2021-11-09,84.52
1916,2021-11-10,82.91
1917,2021-11-11,83.4
1918,2021-11-12,82.9
1919,2021-11-15,81.94
1920,2021-11-16,82.85
1921,2021-11-17,80.67
1922,2021-11-18,82.45
1923,2021-11-19,80.24
1924,2021-11-22,80.97
1925,2021-11-23,83.43
1926,2021-11-24,82.37
1927,2021-11-26,72.37
1928,2021-11-29,73.34
1929,2021-11-30,70.86
1930,2021-12-01,69.53
1931,2021-12-02,70.56
1932,2021-12-03,70.71
1933,2021-12-06,73.38
1934,2021-12-07,75.54
1935,2021-12-08,75.94
1936,2021-12-09,74.1
1937,2021-12-10,74.98
1938,2021-12-13,74.12
1939,2021-12-14,73.37
1940,2021-12-15,73.71
1941,2021-12-16,74.64
1942,2021-12-17,72.97
1943,2021-12-20,70.51
1944,2021-12-21,72.85
1945,2021-12-22,74.69
1946,2021-12-23,76.26
1947,2021-12-27,75.24
1948,2021-12-29,78.63
1949,2021-12-30,78.61
1950,2021-12-31,77.24
1951,2022-01-03,78.25
1952,2022-01-04,79.39
1953,2022-01-05,80.6
1954,2022-01-06,81.99
1955,2022-01-07,82.28
1956,2022-01-10,81.56
1957,2022-01-11,84.98
1958,2022-01-12,85.83
1959,2022-01-13,85.8
1960,2022-01-14,87.17
1961,2022-01-18,88.83
1962,2022-01-19,89.64
1963,2022-01-20,89.75
1964,2022-01-21,89.75
1965,2022-01-24,87.74
1966,2022-01-25,89.49
1967,2022-01-26,91.22
1968,2022-01-27,90.7
1969,2022-01-28,91.47
1970,2022-01-31,92.35
1971,2022-02-01,90.24
1972,2022-02-02,91.43
1973,2022-02-03,92.99
1974,2022-02-04,96.86
1975,2022-02-07,97.28
1976,2022-02-08,96.07
1977,2022-02-09,94.95
1978,2022-02-10,96.37
1979,2022-02-11,97.5
1980,2022-02-14,101.66
1981,2022-02-15,98.43
1982,2022-02-16,97.44
1983,2022-02-17,95.28
1984,2022-02-18,96.18
1985,2022-02-22,98.73
1986,2022-02-23,99.29
1987,2022-02-24,101.29
1988,2022-02-25,98.56
1989,2022-02-28,103.08
1990,2022-03-01,110.93
1991,2022-03-02,118.94
1992,2022-03-03,115.36
1993,2022-03-04,123.86
1994,2022-03-07,129.02
1995,2022-03-08,133.18
1996,2022-03-09,116.58
1997,2022-03-10,114.54
1998,2022-03-11,118.11
1999,2022-03-14,110.39
2000,2022-03-15,105.14
2001,2022-03-16,104.61
2002,2022-03-17,113.5
2003,2022-03-18,114.32
2004,2022-03-21,122.29
2005,2022-03-22,121.53
2006,2022-03-23,127.52
2007,2022-03-24,123.98
2008,2022-03-25,122.67
2009,2022-03-28,114.5
2010,2022-03-29,112.79
2011,2022-03-30,115.59
2012,2022-03-31,107.29
2013,2022-04-01,106.13
2014,2022-04-04,108.15
2015,2022-04-05,106.6
2016,2022-04-06,100.81
2017,2022-04-07,99.83
2018,2022-04-08,101.26
2019,2022-04-11,97.92
2020,2022-04-12,104.42
2021,2022-04-13,108.49
2022,2022-04-14,110.83
2023,2022-04-18,110.83
2024,2022-04-19,105.49
2025,2022-04-20,105.05
2026,2022-04-21,107.2
2027,2022-04-22,105.15
2028,2022-04-25,99.27
2029,2022-04-26,102.89
2030,2022-04-27,103.3
2031,2022-04-28,105.78
2032,2022-04-29,108.36
2033,2022-05-02,108.36
2034,2022-05-03,104.94
2035,2022-05-04,110.53
2036,2022-05-05,112.11
2037,2022-05-06,113.86
2038,2022-05-09,106.67
2039,2022-05-10,102.61
2040,2022-05-11,107.7
2041,2022-05-12,108.06
2042,2022-05-13,112.12
2043,2022-05-16,114.86
2044,2022-05-17,112.89
2045,2022-05-18,110.04
2046,2022-05-19,113.22
2047,2022-05-20,113.63
2048,2022-05-23,115.13
2049,2022-05-24,115.77
2050,2022-05-25,116.41
2051,2022-05-26,119.81
2052,2022-05-27,121.19
2053,2022-05-31,125.53
2054,2022-06-01,122.2
2055,2022-06-03,125.68
2056,2022-06-06,124.99
2057,2022-06-07,126.89
2058,2022-06-08,129.2
2059,2022-06-09,128.47
2060,2022-06-10,127.44
2061,2022-06-13,128.44
2062,2022-06-14,127.02
2063,2022-06-15,124.96
2064,2022-06-16,125.78
2065,2022-06-17,119.22
2066,2022-06-21,118.51
2067,2022-06-22,115.54
2068,2022-06-23,114.5
2069,2022-06-24,117.36
2070,2022-06-27,119.69
2071,2022-06-28,122.21
2072,2022-06-29,120.8
2073,2022-06-30,119.78
2074,2022-07-01,119.21
2075,2022-07-05,110.49
2076,2022-07-06,108.54
2077,2022-07-07,113.4
2078,2022-07-08,113.95
2079,2022-07-11,114.85
2080,2022-07-12,106.98
2081,2022-07-13,107.17
2082,2022-07-14,107.74
2083,2022-07-15,112.26
2084,2022-07-18,117.27
2085,2022-07-19,114.96
2086,2022-07-20,115.86
2087,2022-07-21,112.81
2088,2022-07-22,106.77
2089,2022-07-25,108.23
2090,2022-07-26,107.32
2091,2022-07-27,109.64
2092,2022-07-28,109.68
2093,2022-07-29,111.51
2094,2022-08-01,106.09
2095,2022-08-02,106.51
2096,2022-08-03,101.82
2097,2022-08-04,97.99
2098,2022-08-05,100.31
2099,2022-08-08,103.46
2100,2022-08-09,103.81
2101,2022-08-10,105.06
2102,2022-08-11,107.19
2103,2022-08-12,103.7
2104,2022-08-15,98.25
2105,2022-08-16,95.36
2106,2022-08-17,97.22
2107,2022-08-18,96.35
2108,2022-08-19,96.45
2109,2022-08-22,95.06
2110,2022-08-23,99.49
2111,2022-08-24,99.87
2112,2022-08-25,98.81
2113,2022-08-26,101.13
2114,2022-08-30,99.34
2115,2022-08-31,96.55
2116,2022-09-01,92.24
2117,2022-09-02,93.09
2118,2022-09-06,91.43
2119,2022-09-07,86.83
2120,2022-09-08,87.99
2121,2022-09-09,91.68
2122,2022-09-12,93.45
2123,2022-09-13,92.04
2124,2022-09-14,92.83
2125,2022-09-15,89.28
2126,2022-09-16,89.43
2127,2022-09-19,89.43
2128,2022-09-20,89.62
2129,2022-09-21,89.86
2130,2022-09-22,90.4
2131,2022-09-23,84.29
2132,2022-09-26,82.55
2133,2022-09-27,85.97
2134,2022-09-28,89.55
2135,2022-09-29,89.41
2136,2022-09-30,88.9
2137,2022-10-03,90.68
2138,2022-10-04,93.74
2139,2022-10-05,94.35
2140,2022-10-06,95.65
2141,2022-10-07,98.88
2142,2022-10-10,97.13
2143,2022-10-11,95.17
2144,2022-10-12,93.44
2145,2022-10-13,95.16
2146,2022-10-14,92.22
2147,2022-10-17,91.04
2148,2022-10-18,89.46
2149,2022-10-19,91.34
2150,2022-10-20,91.52
2151,2022-10-21,91.82
2152,2022-10-24,91.57
2153,2022-10-25,91.76
2154,2022-10-26,92.93
2155,2022-10-27,94.17
2156,2022-10-28,94.64
2157,2022-10-31,93.3
2158,2022-11-01,95.12
2159,2022-11-02,96.07
2160,2022-11-03,95.29
2161,2022-11-04,99.53
2162,2022-11-07,99.87
2163,2022-11-08,96.85
2164,2022-11-09,93.05
2165,2022-11-10,94.25
2166,2022-11-11,96.37
2167,2022-11-14,93.59
2168,2022-11-15,94.3
2169,2022-11-16,92.61
2170,2022-11-17,91.0
2171,2022-11-18,88.93
2172,2022-11-21,88.44
2173,2022-11-22,88.65
2174,2022-11-23,85.9
2175,2022-11-25,83.4
2176,2022-11-28,83.5
2177,2022-11-29,83.22
2178,2022-11-30,85.61
2179,2022-12-01,86.28
2180,2022-12-02,86.54
2181,2022-12-05,83.36
2182,2022-12-06,79.92
2183,2022-12-07,77.11
2184,2022-12-08,76.02
2185,2022-12-09,76.37
2186,2022-12-12,78.0
2187,2022-12-13,80.14
2188,2022-12-14,83.33
2189,2022-12-15,82.34
2190,2022-12-16,80.2
2191,2022-12-19,81.66
2192,2022-12-20,79.45
2193,2022-12-21,80.25
2194,2022-12-22,79.58
2195,2022-12-23,82.45
2196,2022-12-27,82.45
2197,2022-12-28,81.7
2198,2022-12-29,80.96
2199,2022-12-30,82.82
2200,2023-01-03,80.36
2201,2023-01-04,75.31
2202,2023-01-05,76.73
2203,2023-01-06,76.41
2204,2023-01-09,77.5
2205,2023-01-10,78.4
2206,2023-01-11,81.11
2207,2023-01-12,82.59
2208,2023-01-13,83.43
2209,2023-01-17,84.38
2210,2023-01-18,83.78
2211,2023-01-19,85.08
2212,2023-01-20,86.96
2213,2023-01-23,87.96
2214,2023-01-24,85.25
2215,2023-01-25,85.08
2216,2023-01-26,86.29
2217,2023-01-27,85.36
2218,2023-01-30,84.9
2219,2023-01-31,83.42
2220,2023-02-01,81.61
2221,2023-02-02,80.57
2222,2023-02-03,78.85
2223,2023-02-06,80.48
2224,2023-02-07,82.92
2225,2023-02-08,84.17
2226,2023-02-09,83.46
2227,2023-02-10,85.46
2228,2023-02-13,85.98
2229,2023-02-14,84.96
2230,2023-02-15,84.11
2231,2023-02-16,83.84
2232,2023-02-17,81.97
2233,2023-02-21,82.14
2234,2023-02-22,79.55
2235,2023-02-23,82.08
2236,2023-02-24,82.31
2237,2023-02-27,81.24
2238,2023-02-28,83.21
2239,2023-03-01,83.68
2240,2023-03-02,84.15
2241,2023-03-03,85.74
2242,2023-03-06,85.86
2243,2023-03-07,83.03
2244,2023-03-08,82.1
2245,2023-03-09,81.0
2246,2023-03-10,82.3
2247,2023-03-13,79.67
2248,2023-03-14,76.77
2249,2023-03-15,74.3
2250,2023-03-16,73.12
2251,2023-03-17,71.03
2252,2023-03-20,72.42
2253,2023-03-21,74.78
2254,2023-03-22,76.08
2255,2023-03-23,74.31
2256,2023-03-24,73.63
2257,2023-03-27,76.8
2258,2023-03-28,78.07
2259,2023-03-29,77.51
2260,2023-03-30,78.45
2261,2023-03-31,79.19
2262,2023-04-03,85.81
2263,2023-04-04,85.7
2264,2023-04-05,85.89
2265,2023-04-06,86.56
2266,2023-04-10,86.56
2267,2023-04-11,87.32
2268,2023-04-12,88.31
2269,2023-04-13,86.51
2270,2023-04-14,87.31
2271,2023-04-17,85.63
2272,2023-04-18,85.48
2273,2023-04-19,85.34
2274,2023-04-20,83.29
2275,2023-04-21,83.36
2276,2023-04-24,84.23
2277,2023-04-25,82.13
2278,2023-04-26,79.19
2279,2023-04-27,80.11
2280,2023-04-28,81.32
2281,2023-05-02,76.71
2282,2023-05-03,72.91
2283,2023-05-04,73.0
2284,2023-05-05,75.85
2285,2023-05-09,77.76
2286,2023-05-10,76.7
2287,2023-05-11,75.32
2288,2023-05-12,74.54
2289,2023-05-15,75.46
2290,2023-05-16,75.15
2291,2023-05-17,76.98
2292,2023-05-18,75.75
2293,2023-05-19,75.42
2294,2023-05-22,75.77
2295,2023-05-23,76.66
2296,2023-05-24,77.99
2297,2023-05-25,75.66
2298,2023-05-26,76.33
2299,2023-05-30,73.38
2300,2023-05-31,71.98
2301,2023-06-01,74.18
2302,2023-06-02,76.0
2303,2023-06-05,76.61
2304,2023-06-06,76.22
2305,2023-06-07,76.85
2306,2023-06-08,75.88
2307,2023-06-09,74.74
2308,2023-06-12,71.8
2309,2023-06-13,74.24
2310,2023-06-14,73.39
2311,2023-06-15,75.75
2312,2023-06-16,76.76
2313,2023-06-20,75.79
2314,2023-06-21,76.92
2315,2023-06-22,73.93
2316,2023-06-23,73.56
2317,2023-06-26,73.86
2318,2023-06-27,71.88
2319,2023-06-28,73.64
2320,2023-06-29,73.86
2321,2023-06-30,74.51
2322,2023-07-03,74.52
2323,2023-07-05,76.74
2324,2023-07-06,76.72
2325,2023-07-07,78.77
2326,2023-07-10,77.83
2327,2023-07-11,79.54
2328,2023-07-12,80.35
2329,2023-07-13,81.31
2330,2023-07-14,79.9
2331,2023-07-17,77.8
2332,2023-07-18,79.54
2333,2023-07-19,79.38
2334,2023-07-20,79.62
2335,2023-07-21,81.06
2336,2023-07-24,82.53
2337,2023-07-25,83.46
2338,2023-07-26,82.98
2339,2023-07-27,84.28
2340,2023-07-28,84.49
2341,2023-07-31,85.22
2342,2023-08-01,85.34
2343,2023-08-02,84.01
2344,2023-08-03,86.19
2345,2023-08-04,87.38
2346,2023-08-07,86.47
2347,2023-08-08,88.0
2348,2023-08-09,89.31
2349,2023-08-10,87.44
2350,2023-08-11,87.93
2351,2023-08-14,87.4
2352,2023-08-15,86.28
2353,2023-08-16,84.49
2354,2023-08-17,85.24
2355,2023-08-18,85.92
2356,2023-08-21,85.44
2357,2023-08-22,84.7
2358,2023-08-23,83.94
2359,2023-08-24,84.07
2360,2023-08-25,85.42
2361,2023-08-29,86.37
2362,2023-08-30,86.62
2363,2023-08-31,87.29
2364,2023-09-05,91.25
2365,2023-09-06,91.79
2366,2023-09-07,91.16
2367,2023-09-08,91.85
2368,2023-09-11,91.97
2369,2023-09-12,93.58
2370,2023-09-13,93.04
2371,2023-09-14,95.2
2372,2023-09-15,95.55
2373,2023-09-18,95.95
2374,2023-09-19,96.11
2375,2023-09-20,94.56
2376,2023-09-21,93.7
2377,2023-09-22,93.99
2378,2023-09-25,94.01
2379,2023-09-26,94.46
2380,2023-09-27,97.1
2381,2023-09-28,96.55
2382,2023-09-29,95.86
2383,2023-10-02,91.21
2384,2023-10-03,94.46
2385,2023-10-04,89.83
2386,2023-10-05,88.28
2387,2023-10-06,87.86
2388,2023-10-09,91.37
2389,2023-10-10,90.7
2390,2023-10-11,87.58
2391,2023-10-12,88.4
2392,2023-10-13,94.33
2393,2023-10-16,90.99
2394,2023-10-17,92.52
2395,2023-10-18,91.99
2396,2023-10-19,93.12
2397,2023-10-20,93.72
2398,2023-10-23,91.88
2399,2023-10-24,88.0
2400,2023-10-25,90.14
2401,2023-10-26,88.45
2402,2023-10-27,90.73
2403,2023-10-30,90.73
2404,2023-11-06,87.31
2405,2023-11-07,83.43
2406,2023-11-08,81.46
2407,2023-11-09,81.74
2408,2023-11-10,83.66
2409,2023-11-13,84.09
2410,2023-11-14,84.2
2411,2023-11-15,82.4
2412,2023-11-16,77.73
2413,2023-11-17,81.22
2414,2023-11-20,83.25
2415,2023-11-21,82.42
2416,2023-11-22,81.76
2417,2023-11-24,79.82
2418,2023-11-27,79.49
2419,2023-11-28,81.66
2420,2023-11-29,82.98
2421,2023-11-30,81.72
2422,2023-12-01,78.72
2423,2023-12-04,78.16
2424,2023-12-05,77.27
2425,2023-12-06,74.33
2426,2023-12-07,74.21
2427,2023-12-08,75.94
2428,2023-12-11,75.75
2429,2023-12-12,74.11
2430,2023-12-13,74.14
2431,2023-12-14,77.05
2432,2023-12-15,76.84
2433,2023-12-18,78.89
2434,2023-12-19,79.82
2435,2023-12-20,81.1
2436,2023-12-21,80.73
2437,2023-12-22,80.23
2438,2023-12-26,80.23
2439,2023-12-27,80.97
2440,2023-12-28,79.04
2441,2023-12-29,77.69
2442,2024-01-02,76.24
2443,2024-01-03,77.18
2444,2024-01-04,75.79
2445,2024-01-05,78.31
2446,2024-01-08,75.47
2447,2024-01-09,77.97
2448,2024-01-10,78.46
2449,2024-01-11,80.21
2450,2024-01-12,79.89
2451,2024-01-16,80.15
2452,2024-01-17,78.88
2453,2024-01-18,81.04
2454,2024-01-19,80.71
2455,2024-01-22,81.7
2456,2024-01-23,82.04
2457,2024-01-24,82.15
2458,2024-01-25,82.33
2459,2024-01-26,83.34
2460,2024-01-29,83.99
2461,2024-01-30,84.14
2462,2024-01-31,82.98
2463,2024-02-01,82.2
2464,2024-02-02,79.54
2465,2024-02-05,79.3
2466,2024-02-06,80.46
2467,2024-02-07,81.18
2468,2024-02-08,83.01
2469,2024-02-09,83.58
2470,2024-02-12,83.88
2471,2024-02-13,84.72
2472,2024-02-14,84.41
2473,2024-02-15,84.33
2474,2024-02-16,84.88
2475,2024-02-20,84.78
2476,2024-02-21,84.77
2477,2024-02-22,85.84
2478,2024-02-23,84.18
2479,2024-02-26,84.01
2480,2024-02-27,83.8
2481,2024-02-28,84.08
2482,2024-02-29,84.57
2483,2024-03-01,84.82
2484,2024-03-04,86.58
2485,2024-03-05,85.82
2486,2024-03-06,86.59
2487,2024-03-07,84.88
2488,2024-03-08,84.29
2489,2024-03-11,83.44
2490,2024-03-12,83.66
2491,2024-03-13,83.95
2492,2024-03-14,86.16
2493,2024-03-15,85.39
2494,2024-03-18,86.47
2495,2024-03-19,87.36
2496,2024-03-20,85.77
2497,2024-03-21,84.92
2498,2024-03-22,84.87
2499,2024-03-25,86.18
2500,2024-03-26,85.91
2501,2024-03-27,84.94
2502,2024-03-28,86.17
2503,2024-04-02,87.63
2504,2024-04-03,90.6
2505,2024-04-04,90.32
2506,2024-04-05,92.81
2507,2024-04-08,91.73
2508,2024-04-09,92.13
2509,2024-04-10,91.57
2510,2024-04-11,91.49
2511,2024-04-12,93.12
2512,2024-04-15,90.84
2513,2024-04-16,91.29
2514,2024-04-17,89.54
2515,2024-04-18,88.34
2516,2024-04-19,87.96
2517,2024-04-22,87.3
2518,2024-04-23,88.29
2519,2024-04-24,89.02
2520,2024-04-25,88.1
2521,2024-04-26,89.95
2522,2024-04-29,88.44
2523,2024-04-30,88.23
2524,2024-05-01,83.55
2525,2024-05-02,84.81
2526,2024-05-03,83.6
2527,2024-05-07,82.69
2528,2024-05-08,82.44
2529,2024-05-09,83.27
2530,2024-05-10,83.39
2531,2024-05-13,83.18
2532,2024-05-14,81.0
2533,2024-05-15,79.98
2534,2024-05-16,81.65
2535,2024-05-17,82.24
2536,2024-05-20,81.91
2537,2024-05-21,81.22
2538,2024-05-22,79.9
2539,2024-05-23,79.25
2540,2024-05-24,78.92
2541,2024-05-28,81.34
2542,2024-05-29,81.5
2543,2024-05-30,81.42
2544,2024-05-31,79.41
2545,2024-06-03,76.45
2546,2024-06-04,75.33
2547,2024-06-05,75.41
2548,2024-06-06,77.62
2549,2024-06-07,78.12
2550,2024-06-10,79.59
2551,2024-06-11,80.15
2552,2024-06-12,80.52
2553,2024-06-13,81.44
2554,2024-06-14,81.49
2555,2024-06-17,82.45
2556,2024-06-18,84.79
2557,2024-06-20,85.92
2558,2024-06-21,86.42
2559,2024-06-24,86.75
2560,2024-06-25,86.81
2561,2024-06-26,85.76
2562,2024-06-27,87.0
2563,2024-06-28,87.26
2564,2024-07-01,86.57
